id,sku,mode,status,bytes,ts
SHV-RIN-0001,SHV-RIN-0001,kenburns,done,449964,1789671972.0564926
SHV-RIN-0002,SHV-RIN-0002,kenburns,done,406553,1789671976.6604033
SHV-RIN-0003,SHV-RIN-0003,kenburns,done,426211,1789671981.2269015
SHV-RIN-0004,SHV-RIN-0004,kenburns,done,419392,1789671985.970926
SHV-RIN-0005,SHV-RIN-0005,kenburns,done,398797,1789671990.539919
SHV-RIN-0006,SHV-RIN-0006,kenburns,done,422990,1789671994.9952364
SHV-RIN-0007,SHV-RIN-0007,kenburns,done,404335,1789671999.551075
SHV-RIN-0008,SHV-RIN-0008,kenburns,done,424307,1789672004.2171924
SHV-RIN-0009,SHV-RIN-0009,kenburns,done,389214,1789672008.7267528
SHV-RIN-0010,SHV-RIN-0010,kenburns,done,414471,1789672013.4104326
SHV-RIN-0011,SHV-RIN-0011,kenburns,done,406017,1789672018.0146704
SHV-RIN-0012,SHV-RIN-0012,kenburns,done,462244,1789672022.8364017
