id,sku,status,src,dst,ts
SHV-RIN-0002,SHV-RIN-0002,done,freeops/out/rings/SHV-RIN-0002.jpg,freeops/out/SHV-RIN-0002/shot_studio.jpg,1789671947
SHV-RIN-0001,SHV-RIN-0001,done,freeops/out/rings/SHV-RIN-0001.jpg,freeops/out/SHV-RIN-0001/shot_studio.jpg,1789671947
SHV-RIN-0003,SHV-RIN-0003,done,freeops/out/rings/SHV-RIN-0003.jpg,freeops/out/SHV-RIN-0003/shot_studio.jpg,1789671948
SHV-RIN-0004,SHV-RIN-0004,done,freeops/out/rings/SHV-RIN-0004.jpg,freeops/out/SHV-RIN-0004/shot_studio.jpg,1789671948
SHV-RIN-0005,SHV-RIN-0005,done,freeops/out/rings/SHV-RIN-0005.jpg,freeops/out/SHV-RIN-0005/shot_studio.jpg,1789671949
SHV-RIN-0006,SHV-RIN-0006,done,freeops/out/rings/SHV-RIN-0006.jpg,freeops/out/SHV-RIN-0006/shot_studio.jpg,1789671949
SHV-RIN-0007,SHV-RIN-0007,done,freeops/out/rings/SHV-RIN-0007.jpg,freeops/out/SHV-RIN-0007/shot_studio.jpg,1789671949
SHV-RIN-0008,SHV-RIN-0008,done,freeops/out/rings/SHV-RIN-0008.jpg,freeops/out/SHV-RIN-0008/shot_studio.jpg,1789671949
SHV-RIN-0009,SHV-RIN-0009,done,freeops/out/rings/SHV-RIN-0009.jpg,freeops/out/SHV-RIN-0009/shot_studio.jpg,1789671950
SHV-RIN-0010,SHV-RIN-0010,done,freeops/out/rings/SHV-RIN-0010.jpg,freeops/out/SHV-RIN-0010/shot_studio.jpg,1789671950
SHV-RIN-0012,SHV-RIN-0012,done,freeops/out/rings/SHV-RIN-0012.jpg,freeops/out/SHV-RIN-0012/shot_studio.jpg,1789671950
SHV-RIN-0011,SHV-RIN-0011,done,freeops/out/rings/SHV-RIN-0011.jpg,freeops/out/SHV-RIN-0011/shot_studio.jpg,1789671950
SHV-RIN-0014,SHV-RIN-0014,done,freeops/out/rings/SHV-RIN-0014.jpg,freeops/out/SHV-RIN-0014/shot_studio.jpg,1789671951
SHV-RIN-0013,SHV-RIN-0013,done,freeops/out/rings/SHV-RIN-0013.jpg,freeops/out/SHV-RIN-0013/shot_studio.jpg,1789671951
SHV-RIN-0015,SHV-RIN-0015,done,freeops/out/rings/SHV-RIN-0015.jpg,freeops/out/SHV-RIN-0015/shot_studio.jpg,1789671952
SHV-RIN-0016,SHV-RIN-0016,done,freeops/out/rings/SHV-RIN-0016.jpg,freeops/out/SHV-RIN-0016/shot_studio.jpg,1789671952
SHV-RIN-0018,SHV-RIN-0018,done,freeops/out/rings/SHV-RIN-0018.jpg,freeops/out/SHV-RIN-0018/shot_studio.jpg,1789671952
SHV-RIN-0017,SHV-RIN-0017,done,freeops/out/rings/SHV-RIN-0017.jpg,freeops/out/SHV-RIN-0017/shot_studio.jpg,1789671952
SHV-RIN-0019,SHV-RIN-0019,done,freeops/out/rings/SHV-RIN-0019.jpg,freeops/out/SHV-RIN-0019/shot_studio.jpg,1789671953
SHV-RIN-0020,SHV-RIN-0020,done,freeops/out/rings/SHV-RIN-0020.jpg,freeops/out/SHV-RIN-0020/shot_studio.jpg,1789671953
SHV-RIN-0021,SHV-RIN-0021,done,freeops/out/rings/SHV-RIN-0021.jpg,freeops/out/SHV-RIN-0021/shot_studio.jpg,1789671953
SHV-RIN-0022,SHV-RIN-0022,done,freeops/out/rings/SHV-RIN-0022.jpg,freeops/out/SHV-RIN-0022/shot_studio.jpg,1789671954
SHV-RIN-0023,SHV-RIN-0023,done,freeops/out/rings/SHV-RIN-0023.jpg,freeops/out/SHV-RIN-0023/shot_studio.jpg,1789671954
SHV-RIN-0024,SHV-RIN-0024,done,freeops/out/rings/SHV-RIN-0024.jpg,freeops/out/SHV-RIN-0024/shot_studio.jpg,1789671954
SHV-RIN-0025,SHV-RIN-0025,done,freeops/out/rings/SHV-RIN-0025.jpg,freeops/out/SHV-RIN-0025/shot_studio.jpg,1789671955
SHV-RIN-0026,SHV-RIN-0026,done,freeops/out/rings/SHV-RIN-0026.jpg,freeops/out/SHV-RIN-0026/shot_studio.jpg,1789671955
SHV-RIN-0027,SHV-RIN-0027,done,freeops/out/rings/SHV-RIN-0027.jpg,freeops/out/SHV-RIN-0027/shot_studio.jpg,1789671955
SHV-RIN-0028,SHV-RIN-0028,done,freeops/out/rings/SHV-RIN-0028.jpg,freeops/out/SHV-RIN-0028/shot_studio.jpg,1789671955
SHV-RIN-0029,SHV-RIN-0029,done,freeops/out/rings/SHV-RIN-0029.jpg,freeops/out/SHV-RIN-0029/shot_studio.jpg,1789671956
SHV-RIN-0030,SHV-RIN-0030,done,freeops/out/rings/SHV-RIN-0030.jpg,freeops/out/SHV-RIN-0030/shot_studio.jpg,1789671956
SHV-RIN-0031,SHV-RIN-0031,done,freeops/out/rings/SHV-RIN-0031.jpg,freeops/out/SHV-RIN-0031/shot_studio.jpg,1789671957
SHV-RIN-0032,SHV-RIN-0032,done,freeops/out/rings/SHV-RIN-0032.jpg,freeops/out/SHV-RIN-0032/shot_studio.jpg,1789671957
SHV-RIN-0033,SHV-RIN-0033,done,freeops/out/rings/SHV-RIN-0033.jpg,freeops/out/SHV-RIN-0033/shot_studio.jpg,1789671957
SHV-RIN-0034,SHV-RIN-0034,done,freeops/out/rings/SHV-RIN-0034.jpg,freeops/out/SHV-RIN-0034/shot_studio.jpg,1789671957
SHV-RIN-0035,SHV-RIN-0035,done,freeops/out/rings/SHV-RIN-0035.jpg,freeops/out/SHV-RIN-0035/shot_studio.jpg,1789671958
SHV-RIN-0036,SHV-RIN-0036,done,freeops/out/rings/SHV-RIN-0036.jpg,freeops/out/SHV-RIN-0036/shot_studio.jpg,1789671958
SHV-RIN-0037,SHV-RIN-0037,done,freeops/out/rings/SHV-RIN-0037.jpg,freeops/out/SHV-RIN-0037/shot_studio.jpg,1789671958
SHV-RIN-0038,SHV-RIN-0038,done,freeops/out/rings/SHV-RIN-0038.jpg,freeops/out/SHV-RIN-0038/shot_studio.jpg,1789671958
SHV-RIN-0039,SHV-RIN-0039,done,freeops/out/rings/SHV-RIN-0039.jpg,freeops/out/SHV-RIN-0039/shot_studio.jpg,1789671959
SHV-RIN-0040,SHV-RIN-0040,done,freeops/out/rings/SHV-RIN-0040.jpg,freeops/out/SHV-RIN-0040/shot_studio.jpg,1789671959
SHV-RIN-0041,SHV-RIN-0041,done,freeops/out/rings/SHV-RIN-0041.jpg,freeops/out/SHV-RIN-0041/shot_studio.jpg,1789671959
SHV-RIN-0042,SHV-RIN-0042,done,freeops/out/rings/SHV-RIN-0042.jpg,freeops/out/SHV-RIN-0042/shot_studio.jpg,1789671960
SHV-RIN-0043,SHV-RIN-0043,done,freeops/out/rings/SHV-RIN-0043.jpg,freeops/out/SHV-RIN-0043/shot_studio.jpg,1789671960
SHV-RIN-0044,SHV-RIN-0044,done,freeops/out/rings/SHV-RIN-0044.jpg,freeops/out/SHV-RIN-0044/shot_studio.jpg,1789671960
SHV-RIN-0045,SHV-RIN-0045,done,freeops/out/rings/SHV-RIN-0045.jpg,freeops/out/SHV-RIN-0045/shot_studio.jpg,1789671961
SHV-RIN-0046,SHV-RIN-0046,done,freeops/out/rings/SHV-RIN-0046.jpg,freeops/out/SHV-RIN-0046/shot_studio.jpg,1789671961
SHV-RIN-0047,SHV-RIN-0047,done,freeops/out/rings/SHV-RIN-0047.jpg,freeops/out/SHV-RIN-0047/shot_studio.jpg,1789671961
SHV-RIN-0048,SHV-RIN-0048,done,freeops/out/rings/SHV-RIN-0048.jpg,freeops/out/SHV-RIN-0048/shot_studio.jpg,1789671961
SHV-RIN-0049,SHV-RIN-0049,done,freeops/out/rings/SHV-RIN-0049.jpg,freeops/out/SHV-RIN-0049/shot_studio.jpg,1789671962
SHV-RIN-0050,SHV-RIN-0050,done,freeops/out/rings/SHV-RIN-0050.jpg,freeops/out/SHV-RIN-0050/shot_studio.jpg,1789671962
SHV-RIN-0051,SHV-RIN-0051,done,freeops/out/rings/SHV-RIN-0051.jpg,freeops/out/SHV-RIN-0051/shot_studio.jpg,1789671963
SHV-RIN-0052,SHV-RIN-0052,done,freeops/out/rings/SHV-RIN-0052.jpg,freeops/out/SHV-RIN-0052/shot_studio.jpg,1789671963
SHV-RIN-0053,SHV-RIN-0053,done,freeops/out/rings/SHV-RIN-0053.jpg,freeops/out/SHV-RIN-0053/shot_studio.jpg,1789671963
SHV-RIN-0054,SHV-RIN-0054,done,freeops/out/rings/SHV-RIN-0054.jpg,freeops/out/SHV-RIN-0054/shot_studio.jpg,1789671963
SHV-RIN-0055,SHV-RIN-0055,done,freeops/out/rings/SHV-RIN-0055.jpg,freeops/out/SHV-RIN-0055/shot_studio.jpg,1789671964
SHV-RIN-0056,SHV-RIN-0056,done,freeops/out/rings/SHV-RIN-0056.jpg,freeops/out/SHV-RIN-0056/shot_studio.jpg,1789671964
SHV-RIN-0057,SHV-RIN-0057,done,freeops/out/rings/SHV-RIN-0057.jpg,freeops/out/SHV-RIN-0057/shot_studio.jpg,1789671964
SHV-RIN-0058,SHV-RIN-0058,done,freeops/out/rings/SHV-RIN-0058.jpg,freeops/out/SHV-RIN-0058/shot_studio.jpg,1789671964
SHV-RIN-0059,SHV-RIN-0059,done,freeops/out/rings/SHV-RIN-0059.jpg,freeops/out/SHV-RIN-0059/shot_studio.jpg,1789671965
SHV-RIN-0060,SHV-RIN-0060,done,freeops/out/rings/SHV-RIN-0060.jpg,freeops/out/SHV-RIN-0060/shot_studio.jpg,1789671965
SHV-RIN-0061,SHV-RIN-0061,done,freeops/out/rings/SHV-RIN-0061.jpg,freeops/out/SHV-RIN-0061/shot_studio.jpg,1789671966
SHV-RIN-0062,SHV-RIN-0062,done,freeops/out/rings/SHV-RIN-0062.jpg,freeops/out/SHV-RIN-0062/shot_studio.jpg,1789671966
SHV-RIN-0063,SHV-RIN-0063,done,freeops/out/rings/SHV-RIN-0063.jpg,freeops/out/SHV-RIN-0063/shot_studio.jpg,1789671966
SHV-RIN-0064,SHV-RIN-0064,done,freeops/out/rings/SHV-RIN-0064.jpg,freeops/out/SHV-RIN-0064/shot_studio.jpg,1789671966
SHV-RIN-0065,SHV-RIN-0065,done,freeops/out/rings/SHV-RIN-0065.jpg,freeops/out/SHV-RIN-0065/shot_studio.jpg,1789671967
SHV-RIN-0066,SHV-RIN-0066,done,freeops/out/rings/SHV-RIN-0066.jpg,freeops/out/SHV-RIN-0066/shot_studio.jpg,1789671967
