sku,name,category,metal,purity,weight,mc,sizes,stoneDesc,tags,img
PGS5065,Megh Ring PGS5065,rings,Gold,22K,1.650,12,"12, 14, 16, 18",,"ring, gold, 22k, handcrafted, mens",media/designs/PGS5065.jpg
PGS5064,Sharad Ring PGS5064,rings,Gold,22K,3.200,12,"12, 14, 16, 18",,"ring, gold, 22k, handcrafted, mens",media/designs/PGS5064.jpg
PGS5063,Vasanta Ring PGS5063,rings,Gold,22K,3.280,12,"12, 14, 16, 18",,"ring, gold, 22k, handcrafted, mens",media/designs/PGS5063.jpg
PGS5062,Ratna Ring PGS5062,rings,Gold,22K,4.870,12,"12, 14, 16, 18",,"ring, gold, 22k, handcrafted, mens",media/designs/PGS5062.jpg
PGS5061,Swarna Ring PGS5061,rings,Gold,22K,3.880,12,"12, 14, 16, 18",,"ring, gold, 22k, handcrafted, mens",media/designs/PGS5061.jpg
PGS5026,Gulab Ring PGS5026,rings,Gold,22K,1.760,12,"12, 14, 16, 18",,"ring, gold, 22k, handcrafted, mens",media/designs/PGS5026.jpg
PGS5015,Surya Ring PGS5015,rings,Gold,22K,1.660,12,"12, 14, 16, 18",,"ring, gold, 22k, handcrafted, mens",media/designs/PGS5015.jpg
PGS5002,Suraj Kiran Ring PGS5002,rings,Gold,22K,1.800,12,"12, 14, 16, 18",,"ring, gold, 22k, handcrafted, mens",media/designs/PGS5002.jpg
PGS5050,Itr Ring PGS5050,rings,Gold,22K,3.690,12,"12, 14, 16, 18",,"ring, gold, 22k, handcrafted, mens",media/designs/PGS5050.jpg
PGS5029,Aravalli Ring PGS5029,rings,Gold,22K,1.930,12,"12, 14, 16, 18",,"ring, gold, 22k, handcrafted, mens",media/designs/PGS5029.jpg
PGS5004,Mughal Moti Ring PGS5004,rings,Gold,22K,3.830,12,"12, 14, 16, 18",polki / CZ pavé setting,"ring, gold, 22k, handcrafted, mens",media/designs/PGS5004.jpg
PGS5032,Bikaner Ring PGS5032,rings,Gold,22K,1.770,12,"12, 14, 16, 18",,"ring, gold, 22k, handcrafted, mens",media/designs/PGS5032.jpg
PGS5014,Chandra Ring PGS5014,rings,Gold,22K,1.810,12,"12, 14, 16, 18",,"ring, gold, 22k, handcrafted, mens",media/designs/PGS5014.jpg
PGS5025,Dhola Ring PGS5025,rings,Gold,22K,1.770,12,"12, 14, 16, 18",,"ring, gold, 22k, handcrafted, mens",media/designs/PGS5025.jpg
PGS5022,Pushkar Ring PGS5022,rings,Gold,22K,1.910,12,"12, 14, 16, 18",,"ring, gold, 22k, handcrafted, mens",media/designs/PGS5022.jpg
PGS5047,Genda Ring PGS5047,rings,Gold,22K,1.880,12,"12, 14, 16, 18",,"ring, gold, 22k, handcrafted, mens",media/designs/PGS5047.jpg
PGS5035,Jaisalmer Ring PGS5035,rings,Gold,22K,1.920,12,"12, 14, 16, 18",,"ring, gold, 22k, handcrafted, mens",media/designs/PGS5035.jpg
PGS5049,Zafra Ring PGS5049,rings,Gold,22K,1.930,12,"12, 14, 16, 18",,"ring, gold, 22k, handcrafted, mens",media/designs/PGS5049.jpg
PGS5036,Chittor Ring PGS5036,rings,Gold,22K,3.060,12,"12, 14, 16, 18",,"ring, gold, 22k, handcrafted, mens",media/designs/PGS5036.jpg
PGS5003,Chandni Ring PGS5003,rings,Gold,22K,1.840,12,"12, 14, 16, 18",,"ring, gold, 22k, handcrafted, mens",media/designs/PGS5003.jpg
PGS5060,Rajshri Ring PGS5060,rings,Gold,22K,3.980,12,"12, 14, 16, 18",,"ring, gold, 22k, handcrafted, mens",media/designs/PGS5060.jpg
PGS5001,Rajkumari Ring PGS5001,rings,Gold,22K,1.870,12,"12, 14, 16, 18",polki / CZ pavé setting,"ring, gold, 22k, handcrafted, mens",media/designs/PGS5001.jpg
PGS5057,Noor Jahan Ring PGS5057,rings,Gold,22K,4.280,12,"12, 14, 16, 18",,"ring, gold, 22k, handcrafted, mens",media/designs/PGS5057.jpg
PGS5051,Meenakari Ring PGS5051,rings,Gold,22K,3.610,12,"12, 14, 16, 18",,"ring, gold, 22k, handcrafted, mens",media/designs/PGS5051.jpg
PGS5006,Amber Ring PGS5006,rings,Gold,22K,2.070,12,"12, 14, 16, 18",,"ring, gold, 22k, handcrafted, mens",media/designs/PGS5006.jpg
PGS5007,Kesariya Ring PGS5007,rings,Gold,22K,1.680,12,"12, 14, 16, 18",,"ring, gold, 22k, handcrafted, mens",media/designs/PGS5007.jpg
PGS5005,Pichola Ring PGS5005,rings,Gold,22K,1.170,12,"12, 14, 16, 18",,"ring, gold, 22k, handcrafted, mens",media/designs/PGS5005.jpg
PGS5046,Borla Ring PGS5046,rings,Gold,22K,1.750,12,"12, 14, 16, 18",,"ring, gold, 22k, handcrafted, mens",media/designs/PGS5046.jpg
PGS5024,Mewar Ring PGS5024,rings,Gold,22K,1.760,12,"12, 14, 16, 18",,"ring, gold, 22k, handcrafted, mens",media/designs/PGS5024.jpg
PGS5018,Moti Ring PGS5018,rings,Gold,22K,1.590,12,"12, 14, 16, 18",,"ring, gold, 22k, handcrafted, mens",media/designs/PGS5018.jpg
PGS5016,Tara Ring PGS5016,rings,Gold,22K,2.020,12,"12, 14, 16, 18",,"ring, gold, 22k, handcrafted, mens",media/designs/PGS5016.jpg
PGS5017,Kiran Ring PGS5017,rings,Gold,22K,1.700,12,"12, 14, 16, 18",,"ring, gold, 22k, handcrafted, mens",media/designs/PGS5017.jpg
PGS5058,Meher Ring PGS5058,rings,Gold,22K,3.800,12,"12, 14, 16, 18",,"ring, gold, 22k, handcrafted, mens",media/designs/PGS5058.jpg
PGS5045,Kangana Ring PGS5045,rings,Gold,22K,1.750,12,"12, 14, 16, 18",,"ring, gold, 22k, handcrafted, mens",media/designs/PGS5045.jpg
PGS5033,Jodhpur Ring PGS5033,rings,Gold,22K,1.890,12,"12, 14, 16, 18",,"ring, gold, 22k, handcrafted, mens",media/designs/PGS5033.jpg
PGS5044,Payal Ring PGS5044,rings,Gold,22K,1.780,12,"12, 14, 16, 18",,"ring, gold, 22k, handcrafted, mens",media/designs/PGS5044.jpg
PGS5043,Kajal Ring PGS5043,rings,Gold,22K,2.010,12,"12, 14, 16, 18",,"ring, gold, 22k, handcrafted, mens",media/designs/PGS5043.jpg
PGS5023,Marwar Ring PGS5023,rings,Gold,22K,4.130,12,"12, 14, 16, 18",,"ring, gold, 22k, handcrafted, mens",media/designs/PGS5023.jpg
PGS5027,Chambal Ring PGS5027,rings,Gold,22K,1.840,12,"12, 14, 16, 18",,"ring, gold, 22k, handcrafted, mens",media/designs/PGS5027.jpg
PGS5040,Nahargarh Ring PGS5040,rings,Gold,22K,1.750,12,"12, 14, 16, 18",,"ring, gold, 22k, handcrafted, mens",media/designs/PGS5040.jpg
PGS5020,Panna Ring PGS5020,rings,Gold,22K,2.040,12,"12, 14, 16, 18",,"ring, gold, 22k, handcrafted, mens",media/designs/PGS5020.jpg
PGS5019,Heera Ring PGS5019,rings,Gold,22K,1.830,12,"12, 14, 16, 18",,"ring, gold, 22k, handcrafted, mens",media/designs/PGS5019.jpg
PGS5028,Banas Ring PGS5028,rings,Gold,22K,1.690,12,"12, 14, 16, 18",,"ring, gold, 22k, handcrafted, mens",media/designs/PGS5028.jpg
PGS5041,Baori Ring PGS5041,rings,Gold,22K,3.370,12,"12, 14, 16, 18",,"ring, gold, 22k, handcrafted, mens",media/designs/PGS5041.jpg
PGS5059,Kanchan Ring PGS5059,rings,Gold,22K,2.990,12,"12, 14, 16, 18",,"ring, gold, 22k, handcrafted, mens",media/designs/PGS5059.jpg
PGS5042,Sindoor Ring PGS5042,rings,Gold,22K,1.950,12,"12, 14, 16, 18",,"ring, gold, 22k, handcrafted, mens",media/designs/PGS5042.jpg
PGS5030,Thar Ring PGS5030,rings,Gold,22K,1.720,12,"12, 14, 16, 18",,"ring, gold, 22k, handcrafted, mens",media/designs/PGS5030.jpg
PGS5037,Kumbhal Ring PGS5037,rings,Gold,22K,1.930,12,"12, 14, 16, 18",,"ring, gold, 22k, handcrafted, mens",media/designs/PGS5037.jpg
PGS5013,City Palace Ring PGS5013,rings,Gold,22K,1.900,12,"12, 14, 16, 18",,"ring, gold, 22k, handcrafted, mens",media/designs/PGS5013.jpg
PGS5034,Udaipur Ring PGS5034,rings,Gold,22K,1.890,12,"12, 14, 16, 18",,"ring, gold, 22k, handcrafted, mens",media/designs/PGS5034.jpg
PGS5009,Jharokha Ring PGS5009,rings,Gold,22K,3.340,12,"12, 14, 16, 18",,"ring, gold, 22k, handcrafted, mens",media/designs/PGS5009.jpg
PGS5008,Mehndi Ring PGS5008,rings,Gold,22K,1.710,12,"12, 14, 16, 18",,"ring, gold, 22k, handcrafted, mens",media/designs/PGS5008.jpg
PGS5021,Manik Ring PGS5021,rings,Gold,22K,1.940,12,"12, 14, 16, 18",,"ring, gold, 22k, handcrafted, mens",media/designs/PGS5021.jpg
PGS5054,Thewa Ring PGS5054,rings,Gold,22K,4.020,12,"12, 14, 16, 18",,"ring, gold, 22k, handcrafted, mens",media/designs/PGS5054.jpg
PGS5011,Sheesh Mahal Ring PGS5011,rings,Gold,22K,4.960,12,"12, 14, 16, 18",,"ring, gold, 22k, handcrafted, mens",media/designs/PGS5011.jpg
PGS5031,Shekhawati Ring PGS5031,rings,Gold,22K,3.400,12,"12, 14, 16, 18",,"ring, gold, 22k, handcrafted, mens",media/designs/PGS5031.jpg
PGS5012,Hawa Mahal Ring PGS5012,rings,Gold,22K,1.920,12,"12, 14, 16, 18",,"ring, gold, 22k, handcrafted, mens",media/designs/PGS5012.jpg
PGS5039,Dilwara Ring PGS5039,rings,Gold,22K,2.670,12,"12, 14, 16, 18",,"ring, gold, 22k, handcrafted, mens",media/designs/PGS5039.jpg
PGS5010,Marudhara Ring PGS5010,rings,Gold,22K,3.530,12,"12, 14, 16, 18",,"ring, gold, 22k, handcrafted, mens",media/designs/PGS5010.jpg
PGS5038,Ranakpur Ring PGS5038,rings,Gold,22K,1.700,12,"12, 14, 16, 18",,"ring, gold, 22k, handcrafted, mens",media/designs/PGS5038.jpg
PGS5055,Minakari Ring PGS5055,rings,Gold,22K,3.510,12,"12, 14, 16, 18",,"ring, gold, 22k, handcrafted, mens",media/designs/PGS5055.jpg
PGS5048,Kesar Ring PGS5048,rings,Gold,22K,4.190,12,"12, 14, 16, 18",,"ring, gold, 22k, handcrafted, mens",media/designs/PGS5048.jpg
PGS5056,Rani Padmini Ring PGS5056,rings,Gold,22K,4.330,12,"12, 14, 16, 18",,"ring, gold, 22k, handcrafted, mens",media/designs/PGS5056.jpg
PGS5053,Jadau Ring PGS5053,rings,Gold,22K,3.410,12,"12, 14, 16, 18",,"ring, gold, 22k, handcrafted, mens",media/designs/PGS5053.jpg
PGS5052,Kundan Ring PGS5052,rings,Gold,22K,4.270,12,"12, 14, 16, 18",,"ring, gold, 22k, handcrafted, mens",media/designs/PGS5052.jpg
