sku,weightG,ledConf
SHV-RIN-0001,,unreadable-glyph@0
SHV-RIN-0002,,unreadable-glyph@1
SHV-RIN-0003,,unreadable-glyph@0
SHV-RIN-0004,,unreadable-glyph@0
SHV-RIN-0005,,unreadable-glyph@0
SHV-RIN-0006,,unreadable-glyph@0
SHV-RIN-0007,,unreadable-glyph@2
SHV-RIN-0008,,unreadable-glyph@0
SHV-RIN-0009,,unreadable-glyph@0
SHV-RIN-0010,,unreadable-glyph@0
SHV-RIN-0011,,unreadable-glyph@0
SHV-RIN-0012,,unreadable-glyph@0
SHV-RIN-0013,,unreadable-glyph@1
SHV-RIN-0014,,unreadable-glyph@2
SHV-RIN-0015,,unreadable-glyph@0
SHV-RIN-0016,,unreadable-glyph@0
SHV-RIN-0017,,unreadable-glyph@0
SHV-RIN-0018,,unreadable-glyph@1
SHV-RIN-0019,,unreadable-glyph@0
SHV-RIN-0020,,unreadable-glyph@0
SHV-RIN-0021,,unreadable-glyph@0
SHV-RIN-0022,,unreadable-glyph@0
SHV-RIN-0023,,unreadable-glyph@0
SHV-RIN-0024,,unreadable-glyph@0
SHV-RIN-0025,,unreadable-glyph@0
SHV-RIN-0026,,unreadable-glyph@0
SHV-RIN-0027,,unreadable-glyph@0
SHV-RIN-0028,,unreadable-glyph@0
SHV-RIN-0029,,unreadable-glyph@0
SHV-RIN-0030,,unreadable-glyph@0
SHV-RIN-0031,,unreadable-glyph@0
SHV-RIN-0032,,unreadable-glyph@0
SHV-RIN-0033,,unreadable-glyph@0
SHV-RIN-0034,,unreadable-glyph@0
SHV-RIN-0035,,unreadable-glyph@0
SHV-RIN-0036,,unreadable-glyph@0
SHV-RIN-0037,,unreadable-glyph@0
SHV-RIN-0038,,unreadable-glyph@0
SHV-RIN-0039,,unreadable-glyph@0
SHV-RIN-0040,,unreadable-glyph@0
SHV-RIN-0041,,no-decimal
SHV-RIN-0042,,unreadable-glyph@0
SHV-RIN-0043,,unreadable-glyph@0
SHV-RIN-0044,,unreadable-glyph@0
SHV-RIN-0045,,unreadable-glyph@0
SHV-RIN-0046,,unreadable-glyph@1
SHV-RIN-0047,,unreadable-glyph@0
SHV-RIN-0048,,unreadable-glyph@0
SHV-RIN-0049,,unreadable-glyph@0
SHV-RIN-0050,,unreadable-glyph@0
SHV-RIN-0051,,unreadable-glyph@0
SHV-RIN-0052,,no-led
SHV-RIN-0053,,unreadable-glyph@1
SHV-RIN-0054,,unreadable-glyph@0
SHV-RIN-0055,,unreadable-glyph@0
SHV-RIN-0056,,unreadable-glyph@0
SHV-RIN-0057,,unreadable-glyph@0
SHV-RIN-0058,,unreadable-glyph@1
SHV-RIN-0059,,unreadable-glyph@1
SHV-RIN-0060,,unreadable-glyph@0
SHV-RIN-0061,,unreadable-glyph@0
SHV-RIN-0062,,unreadable-glyph@0
SHV-RIN-0063,,unreadable-glyph@0
SHV-RIN-0064,,unreadable-glyph@0
SHV-RIN-0065,,unreadable-glyph@0
SHV-RIN-0066,,unreadable-glyph@0
