sku,category,source,page,img,w,h
SHV-RIN-0001,rings,65rings.pdf,1,media/rings/SHV-RIN-0001.jpg,1653,2205
SHV-RIN-0002,rings,65rings.pdf,2,media/rings/SHV-RIN-0002.jpg,1653,2205
SHV-RIN-0003,rings,65rings.pdf,3,media/rings/SHV-RIN-0003.jpg,1653,2205
SHV-RIN-0004,rings,65rings.pdf,4,media/rings/SHV-RIN-0004.jpg,1653,2205
SHV-RIN-0005,rings,65rings.pdf,5,media/rings/SHV-RIN-0005.jpg,1653,2205
SHV-RIN-0006,rings,65rings.pdf,6,media/rings/SHV-RIN-0006.jpg,1653,2205
SHV-RIN-0007,rings,65rings.pdf,7,media/rings/SHV-RIN-0007.jpg,1653,2205
SHV-RIN-0008,rings,65rings.pdf,8,media/rings/SHV-RIN-0008.jpg,1653,2205
SHV-RIN-0009,rings,65rings.pdf,9,media/rings/SHV-RIN-0009.jpg,1653,2205
SHV-RIN-0010,rings,65rings.pdf,10,media/rings/SHV-RIN-0010.jpg,1653,2205
SHV-RIN-0011,rings,65rings.pdf,11,media/rings/SHV-RIN-0011.jpg,1653,2205
SHV-RIN-0012,rings,65rings.pdf,12,media/rings/SHV-RIN-0012.jpg,1653,2205
SHV-RIN-0013,rings,65rings.pdf,13,media/rings/SHV-RIN-0013.jpg,1653,2205
SHV-RIN-0014,rings,65rings.pdf,14,media/rings/SHV-RIN-0014.jpg,1653,2205
SHV-RIN-0015,rings,65rings.pdf,15,media/rings/SHV-RIN-0015.jpg,1653,2205
SHV-RIN-0016,rings,65rings.pdf,16,media/rings/SHV-RIN-0016.jpg,1653,2205
SHV-RIN-0017,rings,65rings.pdf,17,media/rings/SHV-RIN-0017.jpg,1653,2205
SHV-RIN-0018,rings,65rings.pdf,18,media/rings/SHV-RIN-0018.jpg,1653,2205
SHV-RIN-0019,rings,65rings.pdf,19,media/rings/SHV-RIN-0019.jpg,1653,2205
SHV-RIN-0020,rings,65rings.pdf,20,media/rings/SHV-RIN-0020.jpg,1653,2205
SHV-RIN-0021,rings,65rings.pdf,21,media/rings/SHV-RIN-0021.jpg,1653,2205
SHV-RIN-0022,rings,65rings.pdf,22,media/rings/SHV-RIN-0022.jpg,1653,2205
SHV-RIN-0023,rings,65rings.pdf,23,media/rings/SHV-RIN-0023.jpg,1653,2205
SHV-RIN-0024,rings,65rings.pdf,24,media/rings/SHV-RIN-0024.jpg,1653,2205
SHV-RIN-0025,rings,65rings.pdf,25,media/rings/SHV-RIN-0025.jpg,1653,2205
SHV-RIN-0026,rings,65rings.pdf,26,media/rings/SHV-RIN-0026.jpg,1653,2205
SHV-RIN-0027,rings,65rings.pdf,27,media/rings/SHV-RIN-0027.jpg,1653,2205
SHV-RIN-0028,rings,65rings.pdf,28,media/rings/SHV-RIN-0028.jpg,1653,2205
SHV-RIN-0029,rings,65rings.pdf,29,media/rings/SHV-RIN-0029.jpg,1653,2205
SHV-RIN-0030,rings,65rings.pdf,30,media/rings/SHV-RIN-0030.jpg,1653,2205
SHV-RIN-0031,rings,65rings.pdf,31,media/rings/SHV-RIN-0031.jpg,1653,2205
SHV-RIN-0032,rings,65rings.pdf,32,media/rings/SHV-RIN-0032.jpg,1653,2205
SHV-RIN-0033,rings,65rings.pdf,33,media/rings/SHV-RIN-0033.jpg,1653,2205
SHV-RIN-0034,rings,65rings.pdf,34,media/rings/SHV-RIN-0034.jpg,1653,2205
SHV-RIN-0035,rings,65rings.pdf,35,media/rings/SHV-RIN-0035.jpg,1653,2205
SHV-RIN-0036,rings,65rings.pdf,36,media/rings/SHV-RIN-0036.jpg,1653,2205
SHV-RIN-0037,rings,65rings.pdf,37,media/rings/SHV-RIN-0037.jpg,1653,2205
SHV-RIN-0038,rings,65rings.pdf,38,media/rings/SHV-RIN-0038.jpg,1653,2205
SHV-RIN-0039,rings,65rings.pdf,39,media/rings/SHV-RIN-0039.jpg,1653,2205
SHV-RIN-0040,rings,65rings.pdf,40,media/rings/SHV-RIN-0040.jpg,1653,2205
SHV-RIN-0041,rings,65rings.pdf,41,media/rings/SHV-RIN-0041.jpg,1653,2205
SHV-RIN-0042,rings,65rings.pdf,42,media/rings/SHV-RIN-0042.jpg,1653,2205
SHV-RIN-0043,rings,65rings.pdf,43,media/rings/SHV-RIN-0043.jpg,1653,2205
SHV-RIN-0044,rings,65rings.pdf,44,media/rings/SHV-RIN-0044.jpg,1653,2205
SHV-RIN-0045,rings,65rings.pdf,45,media/rings/SHV-RIN-0045.jpg,1653,2205
SHV-RIN-0046,rings,65rings.pdf,46,media/rings/SHV-RIN-0046.jpg,1653,2205
SHV-RIN-0047,rings,65rings.pdf,47,media/rings/SHV-RIN-0047.jpg,1653,2205
SHV-RIN-0048,rings,65rings.pdf,48,media/rings/SHV-RIN-0048.jpg,1653,2205
SHV-RIN-0049,rings,65rings.pdf,49,media/rings/SHV-RIN-0049.jpg,1653,2205
SHV-RIN-0050,rings,65rings.pdf,50,media/rings/SHV-RIN-0050.jpg,1653,2205
SHV-RIN-0051,rings,65rings.pdf,51,media/rings/SHV-RIN-0051.jpg,1653,2205
SHV-RIN-0052,rings,65rings.pdf,52,media/rings/SHV-RIN-0052.jpg,1653,2205
SHV-RIN-0053,rings,65rings.pdf,53,media/rings/SHV-RIN-0053.jpg,1653,2205
SHV-RIN-0054,rings,65rings.pdf,54,media/rings/SHV-RIN-0054.jpg,1653,2205
SHV-RIN-0055,rings,65rings.pdf,55,media/rings/SHV-RIN-0055.jpg,1653,2205
SHV-RIN-0056,rings,65rings.pdf,56,media/rings/SHV-RIN-0056.jpg,1653,2205
SHV-RIN-0057,rings,65rings.pdf,57,media/rings/SHV-RIN-0057.jpg,1653,2205
SHV-RIN-0058,rings,65rings.pdf,58,media/rings/SHV-RIN-0058.jpg,1653,2205
SHV-RIN-0059,rings,65rings.pdf,59,media/rings/SHV-RIN-0059.jpg,1653,2205
SHV-RIN-0060,rings,65rings.pdf,60,media/rings/SHV-RIN-0060.jpg,1653,2205
SHV-RIN-0061,rings,65rings.pdf,61,media/rings/SHV-RIN-0061.jpg,1653,2205
SHV-RIN-0062,rings,65rings.pdf,62,media/rings/SHV-RIN-0062.jpg,1653,2205
SHV-RIN-0063,rings,65rings.pdf,63,media/rings/SHV-RIN-0063.jpg,1653,2205
SHV-RIN-0064,rings,65rings.pdf,64,media/rings/SHV-RIN-0064.jpg,1653,2205
SHV-RIN-0065,rings,65rings.pdf,65,media/rings/SHV-RIN-0065.jpg,1653,2205
