id,sku,mode,status,bytes,ts
PGS5065,PGS5065,kenburns,done,615141,1788690737.244614
PGS5064,PGS5064,kenburns,done,777148,1788690743.2244968
PGS5063,PGS5063,kenburns,done,733613,1788690749.1600647
PGS5062,PGS5062,kenburns,done,805602,1788690755.2314022
PGS5061,PGS5061,kenburns,done,823064,1788690761.2033834
PGS5026,PGS5026,kenburns,done,766937,1788690767.2327352
PGS5015,PGS5015,kenburns,done,702969,1788690773.2509363
PGS5002,PGS5002,kenburns,done,654861,1788690779.28409
PGS5050,PGS5050,kenburns,done,709728,1788690785.0843573
PGS5029,PGS5029,kenburns,done,651081,1788690791.0040033
PGS5004,PGS5004,kenburns,done,744272,1788690797.0209012
PGS5032,PGS5032,kenburns,done,718774,1788690803.0165966
PGS5014,PGS5014,kenburns,done,660704,1788690808.9671752
PGS5025,PGS5025,kenburns,done,647035,1788690814.880576
PGS5022,PGS5022,kenburns,done,650020,1788690820.8262033
PGS5047,PGS5047,kenburns,done,710144,1788690826.6791203
PGS5035,PGS5035,kenburns,done,694259,1788690833.0823877
PGS5049,PGS5049,kenburns,done,624705,1788690839.0599413
PGS5036,PGS5036,kenburns,done,699436,1788690845.1784306
PGS5003,PGS5003,kenburns,done,907055,1788690851.3770206
PGS5060,PGS5060,kenburns,done,926012,1788690857.3812277
PGS5001,PGS5001,kenburns,done,745031,1788690863.2126448
PGS5057,PGS5057,kenburns,done,862396,1788690869.306432
PGS5051,PGS5051,kenburns,done,983614,1788690875.4450512
PGS5006,PGS5006,kenburns,done,846405,1788690881.613457
PGS5007,PGS5007,kenburns,done,813229,1788690887.6325648
PGS5005,PGS5005,kenburns,done,818776,1788690893.5660431
PGS5046,PGS5046,kenburns,done,799784,1788690899.7210684
PGS5024,PGS5024,kenburns,done,662753,1788690905.659746
PGS5018,PGS5018,kenburns,done,847137,1788690911.7662845
PGS5016,PGS5016,kenburns,done,728680,1788690917.6777608
PGS5017,PGS5017,kenburns,done,960609,1788690923.8970335
PGS5058,PGS5058,kenburns,done,654844,1788690929.6458905
PGS5045,PGS5045,kenburns,done,685252,1788690935.5919988
PGS5033,PGS5033,kenburns,done,674721,1788690941.592821
PGS5044,PGS5044,kenburns,done,736000,1788690947.5642278
PGS5043,PGS5043,kenburns,done,647430,1788690953.7416337
PGS5023,PGS5023,kenburns,done,750327,1788690959.6535037
PGS5027,PGS5027,kenburns,done,804115,1788690965.6029193
PGS5040,PGS5040,kenburns,done,635296,1788690971.4011533
PGS5020,PGS5020,kenburns,done,716228,1788690977.3487191
PGS5019,PGS5019,kenburns,done,695089,1788690983.4844077
PGS5028,PGS5028,kenburns,done,619598,1788690989.2256215
PGS5041,PGS5041,kenburns,done,751018,1788690995.066072
