id,sku,status,ts
PGS5065,PGS5065,done,1788598867.168229
PGS5064,PGS5064,done,1788598867.1684122
PGS5063,PGS5063,done,1788598867.1686723
PGS5062,PGS5062,done,1788598867.168881
PGS5061,PGS5061,done,1788598867.1690335
PGS5026,PGS5026,done,1788598867.1691806
PGS5015,PGS5015,done,1788598867.1693225
PGS5002,PGS5002,done,1788598867.1695192
PGS5050,PGS5050,done,1788598867.1696692
PGS5029,PGS5029,done,1788598867.1698196
PGS5004,PGS5004,done,1788598867.169965
PGS5032,PGS5032,done,1788598867.1701002
PGS5014,PGS5014,done,1788598867.1709046
PGS5025,PGS5025,done,1788598867.1711004
PGS5022,PGS5022,done,1788598867.1712446
PGS5047,PGS5047,done,1788598867.1713815
PGS5035,PGS5035,done,1788598867.1715646
PGS5049,PGS5049,done,1788598867.1717024
PGS5036,PGS5036,done,1788598867.1718469
PGS5003,PGS5003,done,1788598867.1719966
PGS5060,PGS5060,done,1788598867.1721272
PGS5001,PGS5001,done,1788598867.172267
PGS5057,PGS5057,done,1788598867.1723955
PGS5051,PGS5051,done,1788598867.1726055
PGS5006,PGS5006,done,1788598867.1727421
PGS5007,PGS5007,done,1788598867.1728876
PGS5005,PGS5005,done,1788598867.1730132
PGS5046,PGS5046,done,1788598867.1731367
PGS5024,PGS5024,done,1788598867.173263
PGS5018,PGS5018,done,1788598867.1733923
PGS5016,PGS5016,done,1788598867.1735559
PGS5017,PGS5017,done,1788598867.1736863
PGS5058,PGS5058,done,1788598867.173824
PGS5045,PGS5045,done,1788598867.174008
PGS5033,PGS5033,done,1788598867.1741378
PGS5044,PGS5044,done,1788598867.1742618
PGS5043,PGS5043,done,1788598867.1743903
PGS5023,PGS5023,done,1788598867.1745446
PGS5027,PGS5027,done,1788598867.1746728
PGS5040,PGS5040,done,1788598867.1748102
PGS5020,PGS5020,done,1788598867.1749423
PGS5019,PGS5019,done,1788598867.1750712
PGS5028,PGS5028,done,1788598867.1752028
PGS5041,PGS5041,done,1788598867.175333
PGS5059,PGS5059,done,1788598867.1754913
PGS5042,PGS5042,done,1788598867.1756256
PGS5030,PGS5030,done,1788598867.1757514
PGS5037,PGS5037,done,1788598867.1758845
PGS5013,PGS5013,done,1788598867.1760168
PGS5034,PGS5034,done,1788598867.1761444
PGS5009,PGS5009,done,1788598867.1762736
PGS5008,PGS5008,done,1788598867.1763976
PGS5021,PGS5021,done,1788598867.1765924
PGS5054,PGS5054,done,1788598867.176726
PGS5011,PGS5011,done,1788598867.176865
PGS5031,PGS5031,done,1788598867.1770442
PGS5012,PGS5012,done,1788598867.177184
PGS5039,PGS5039,done,1788598867.1773124
PGS5010,PGS5010,done,1788598867.1774673
PGS5038,PGS5038,done,1788598867.1776032
PGS5055,PGS5055,done,1788598867.1777308
PGS5048,PGS5048,done,1788598867.177868
PGS5056,PGS5056,done,1788598867.1780012
PGS5053,PGS5053,done,1788598867.178174
PGS5052,PGS5052,done,1788598867.1783133
