sku,category,metal,purity,weightG,name
PGS5065,rings,Gold,22K,0.0,Megh Ring PGS5065
PGS5064,rings,Gold,22K,0.0,Sharad Ring PGS5064
PGS5063,rings,Gold,22K,0.0,Vasanta Ring PGS5063
PGS5062,rings,Gold,22K,0.0,Ratna Ring PGS5062
PGS5061,rings,Gold,22K,0.0,Swarna Ring PGS5061
PGS5026,rings,Gold,22K,0.0,Gulab Ring PGS5026
PGS5015,rings,Gold,22K,0.0,Surya Ring PGS5015
PGS5002,rings,Gold,22K,0.0,Suraj Kiran Ring PGS5002
PGS5050,rings,Gold,22K,0.0,Itr Ring PGS5050
PGS5029,rings,Gold,22K,0.0,Aravalli Ring PGS5029
PGS5004,rings,Gold,22K,0.0,Mughal Moti Ring PGS5004
PGS5032,rings,Gold,22K,0.0,Bikaner Ring PGS5032
PGS5014,rings,Gold,22K,0.0,Chandra Ring PGS5014
PGS5025,rings,Gold,22K,0.0,Dhola Ring PGS5025
PGS5022,rings,Gold,22K,0.0,Pushkar Ring PGS5022
PGS5047,rings,Gold,22K,0.0,Genda Ring PGS5047
PGS5035,rings,Gold,22K,0.0,Jaisalmer Ring PGS5035
PGS5049,rings,Gold,22K,0.0,Zafra Ring PGS5049
PGS5036,rings,Gold,22K,0.0,Chittor Ring PGS5036
PGS5003,rings,Gold,22K,0.0,Chandni Ring PGS5003
PGS5060,rings,Gold,22K,0.0,Rajshri Ring PGS5060
PGS5001,rings,Gold,22K,0.0,Rajkumari Ring PGS5001
PGS5057,rings,Gold,22K,0.0,Noor Jahan Ring PGS5057
PGS5051,rings,Gold,22K,0.0,Meenakari Ring PGS5051
PGS5006,rings,Gold,22K,0.0,Amber Ring PGS5006
PGS5007,rings,Gold,22K,0.0,Kesariya Ring PGS5007
PGS5005,rings,Gold,22K,0.0,Pichola Ring PGS5005
PGS5046,rings,Gold,22K,0.0,Borla Ring PGS5046
PGS5024,rings,Gold,22K,0.0,Mewar Ring PGS5024
PGS5018,rings,Gold,22K,0.0,Moti Ring PGS5018
PGS5016,rings,Gold,22K,0.0,Tara Ring PGS5016
PGS5017,rings,Gold,22K,0.0,Kiran Ring PGS5017
PGS5058,rings,Gold,22K,0.0,Meher Ring PGS5058
PGS5045,rings,Gold,22K,0.0,Kangana Ring PGS5045
PGS5033,rings,Gold,22K,0.0,Jodhpur Ring PGS5033
PGS5044,rings,Gold,22K,0.0,Payal Ring PGS5044
PGS5043,rings,Gold,22K,0.0,Kajal Ring PGS5043
PGS5023,rings,Gold,22K,0.0,Marwar Ring PGS5023
PGS5027,rings,Gold,22K,0.0,Chambal Ring PGS5027
PGS5040,rings,Gold,22K,0.0,Nahargarh Ring PGS5040
PGS5020,rings,Gold,22K,0.0,Panna Ring PGS5020
PGS5019,rings,Gold,22K,0.0,Heera Ring PGS5019
PGS5028,rings,Gold,22K,0.0,Banas Ring PGS5028
PGS5041,rings,Gold,22K,0.0,Baori Ring PGS5041
PGS5059,rings,Gold,22K,0.0,Kanchan Ring PGS5059
PGS5042,rings,Gold,22K,0.0,Sindoor Ring PGS5042
PGS5030,rings,Gold,22K,0.0,Thar Ring PGS5030
PGS5037,rings,Gold,22K,0.0,Kumbhal Ring PGS5037
PGS5013,rings,Gold,22K,0.0,City Palace Ring PGS5013
PGS5034,rings,Gold,22K,0.0,Udaipur Ring PGS5034
PGS5009,rings,Gold,22K,0.0,Jharokha Ring PGS5009
PGS5008,rings,Gold,22K,0.0,Mehndi Ring PGS5008
PGS5021,rings,Gold,22K,0.0,Manik Ring PGS5021
PGS5054,rings,Gold,22K,0.0,Thewa Ring PGS5054
PGS5011,rings,Gold,22K,0.0,Sheesh Mahal Ring PGS5011
PGS5031,rings,Gold,22K,0.0,Shekhawati Ring PGS5031
PGS5012,rings,Gold,22K,0.0,Hawa Mahal Ring PGS5012
PGS5039,rings,Gold,22K,0.0,Dilwara Ring PGS5039
PGS5010,rings,Gold,22K,0.0,Marudhara Ring PGS5010
PGS5038,rings,Gold,22K,0.0,Ranakpur Ring PGS5038
PGS5055,rings,Gold,22K,0.0,Minakari Ring PGS5055
PGS5048,rings,Gold,22K,0.0,Kesar Ring PGS5048
PGS5056,rings,Gold,22K,0.0,Rani Padmini Ring PGS5056
PGS5053,rings,Gold,22K,0.0,Jadau Ring PGS5053
PGS5052,rings,Gold,22K,0.0,Kundan Ring PGS5052
