page,shv_sku,tag_code,sku,weight_g
1,SHV-RIN-0001,PGS5065,PGS5065,1.650
2,SHV-RIN-0002,PGS5064,PGS5064,3.200
3,SHV-RIN-0003,PGS5063,PGS5063,3.280
4,SHV-RIN-0004,PGS5062,PGS5062,4.870
5,SHV-RIN-0005,PGS5061,PGS5061,3.880
6,SHV-RIN-0006,PGS5026,PGS5026,1.760
7,SHV-RIN-0007,PGS5015,PGS5015,1.660
8,SHV-RIN-0008,PGS5002,PGS5002,1.800
9,SHV-RIN-0009,PGS5050,PGS5050,3.690
10,SHV-RIN-0010,PGS5029,PGS5029,1.930
11,SHV-RIN-0011,PGS5004,PGS5004,3.830
12,SHV-RIN-0012,PGS5032,PGS5032,1.770
13,SHV-RIN-0013,PGS5014,PGS5014,1.810
14,SHV-RIN-0014,PGS5025,PGS5025,1.770
15,SHV-RIN-0015,PGS5022,PGS5022,1.910
16,SHV-RIN-0016,PGS5047,PGS5047,1.880
17,SHV-RIN-0017,PGS5035,PGS5035,1.920
18,SHV-RIN-0018,PGS5049,PGS5049,1.930
19,SHV-RIN-0019,PGS5036,PGS5036,3.060
20,SHV-RIN-0020,PGS5003,PGS5003,1.840
21,SHV-RIN-0021,PGS5060,PGS5060,3.980
22,SHV-RIN-0022,PGR5001,PGS5001,1.870
23,SHV-RIN-0023,PGS5057,PGS5057,4.280
24,SHV-RIN-0024,PGS5051,PGS5051,3.610
25,SHV-RIN-0025,PGS5006,PGS5006,2.070
26,SHV-RIN-0026,PGS5007,PGS5007,1.680
27,SHV-RIN-0027,PGS5005,PGS5005,1.170
28,SHV-RIN-0028,PGS5046,PGS5046,1.750
29,SHV-RIN-0029,PGS5024,PGS5024,1.760
30,SHV-RIN-0030,PGS5018,PGS5018,1.590
31,SHV-RIN-0031,PGS5016,PGS5016,2.020
32,SHV-RIN-0032,PGS5017,PGS5017,1.700
33,SHV-RIN-0033,PGS5058,PGS5058,3.800
34,SHV-RIN-0034,PGS5045,PGS5045,1.750
35,SHV-RIN-0035,PGS5033,PGS5033,1.890
36,SHV-RIN-0036,PGS5044,PGS5044,1.780
37,SHV-RIN-0037,PGS5043,PGS5043,2.010
38,SHV-RIN-0038,PGS5023,PGS5023,4.130
39,SHV-RIN-0039,PGS5027,PGS5027,1.840
40,SHV-RIN-0040,PGS5040,PGS5040,1.750
41,SHV-RIN-0041,PGS5020,PGS5020,2.040
42,SHV-RIN-0042,PGS5019,PGS5019,1.830
43,SHV-RIN-0043,PGS5028,PGS5028,1.690
44,SHV-RIN-0044,PGS5041,PGS5041,3.370
45,SHV-RIN-0045,PGS5059,PGS5059,2.990
46,SHV-RIN-0046,PGS5042,PGS5042,1.950
47,SHV-RIN-0047,PGS5030,PGS5030,1.720
48,SHV-RIN-0048,PGS5037,PGS5037,1.930
49,SHV-RIN-0049,PGS5013,PGS5013,1.900
50,SHV-RIN-0050,PGS5034,PGS5034,1.890
51,SHV-RIN-0051,PGS5009,PGS5009,3.340
52,SHV-RIN-0052,PGS5008,PGS5008,1.710
53,SHV-RIN-0053,PGS5021,PGS5021,1.940
54,SHV-RIN-0054,PGS5054,PGS5054,4.020
55,SHV-RIN-0055,PGS5011,PGS5011,4.960
56,SHV-RIN-0056,PGS5031,PGS5031,3.400
57,SHV-RIN-0057,PGS5012,PGS5012,1.920
58,SHV-RIN-0058,PGS5039,PGS5039,2.670
59,SHV-RIN-0059,PGS5010,PGS5010,3.530
60,SHV-RIN-0060,PGS5038,PGS5038,1.700
61,SHV-RIN-0061,PGS5055,PGS5055,3.510
62,SHV-RIN-0062,PGS5048,PGS5048,4.190
63,SHV-RIN-0063,PGS5056,PGS5056,4.330
64,SHV-RIN-0064,PGS5053,PGS5053,3.410
65,SHV-RIN-0065,PGS5052,PGS5052,4.270
